|<a href="http://es.pn/win8cricinfoalert">Ok, install it now</a>| |<a href="javascript:espni.hputils.noThanksWin8();">No thanks</a>| |<a href="/">
<img src="http://i.imgci.com/espncricinfo/redesign/ci_logo.png"/>
<span class="logo_txt">ESPN Cricinfo</span>
</a>| |<button class="srch_btn" data-role="none"><span class="sp sp_srch2"></span></button>| |<a href="/ci/engine/match/index.html?view=live" name="&amp;lpos=header_livescores">Live Scores</a>| |<a href="/ci/engine/match/index.html?view=live" name="&amp;lpos=header_livescores">Live Scores Home</a>| |<a href="/ci/engine/match/index.html?view=week" name="&amp;lpos=header_livescores">Matches by week</a>| |<a href="/ci/engine/series/index.html?view=month" name="&amp;lpos=header_livescores">Matches by month</a>| |<a href="/ci/engine/series/index.html?view=season" name="&amp;lpos=header_livescores">Matches by season</a>| |<a href="/ci/engine/series/index.html" name="&amp;lpos=header_livescores">Match series archive</a>| |<a href="/ci/content/match/fixtures_futures.html" name="&amp;lpos=header_livescores">Current and Future tours</a>| |<a href="/ci/engine/match/index.html?view=calendar" name="&amp;lpos=header_livescores">Upcoming international matches</a>| |<a href="javascript:openS('/ci/engine/match/scores/desktop.html','dsktpScrBrd')" name="&amp;lpos=header_livescores">Desktop Scoreboard</a>| |<a href="/ci/content/match/fixtures_futures.html" name="&amp;lpos=header_series">Series</a>| |<a href="/indian-premier-league-2016/content/series/968923.html" name="&amp;lpos=header_series">Indian Premier League</a>| |<a href="/england-v-sri-lanka-2016/content/series/913581.html" name="&amp;lpos=header_series">England v Sri Lanka</a>| |<a href="/tri-nation-west-indies-2016/content/series/932847.html" name="&amp;lpos=header_series">West Indies Tri-Series</a>| |<a href="/county-cricket-2016/content/series/928261.html" name="&amp;lpos=header_series">County Cricket 2016</a>| |<a href="/ci/content/match/fixtures_futures.html" name="&amp;lpos=header_series">More current and future series</a>| |<a href="/ci/content/site/cricket_squads_teams/index.html" name="&amp;lpos=header_countries">Countries</a>| |<a href="/australia/content/team/2.html" name="&amp;lpos=header_countries">Australia</a>| |<a href="/bangladesh/content/team/25.html" name="&amp;lpos=header_countries">Bangladesh</a>| |<a href="/england/content/team/1.html" name="&amp;lpos=header_countries">England</a>| |<a href="/india/content/team/6.html" name="&amp;lpos=header_countries">India</a>| |<a href="/newzealand/content/team/5.html" name="&amp;lpos=header_countries">New Zealand</a>| |<a href="/pakistan/content/team/7.html" name="&amp;lpos=header_countries">Pakistan</a>| |<a href="/southafrica/content/team/3.html" name="&amp;lpos=header_countries">South Africa</a>| |<a href="/srilanka/content/team/8.html" name="&amp;lpos=header_countries">Sri Lanka</a>| |<a href="/westindies/content/team/4.html" name="&amp;lpos=header_countries">West Indies</a>| |<a href="/zimbabwe/content/team/9.html" name="&amp;lpos=header_countries">Zimbabwe</a>| |<a href="/afghanistan/content/team/40.html" name="&amp;lpos=header_countries">Afghanistan</a>| |<a href="/hkg/content/team/19.html" name="&amp;lpos=header_countries">Hong Kong</a>| |<a href="/ireland/content/team/29.html" name="&amp;lpos=header_countries">Ireland</a>| |<a href="/png/content/team/20.html" name="&amp;lpos=header_countries">PNG</a>| |<a href="/scotland/content/team/30.html" name="&amp;lpos=header_countries">Scotland</a>| |<a href="/uae/content/team/27.html" name="&amp;lpos=header_countries">UAE</a>| |<a href="/other/content/site/207463.html" name="&amp;lpos=header_countries">Other Countries</a>| |<a href="/women/content/site/207455.html" name="&amp;lpos=header_countries">Women's Cricket</a>| |<a href="/ci-icc/content/site/297120.html" name="&amp;lpos=header_countries">ICC</a>| |<a href="/canada/content/team/17.html" name="&amp;lpos=header_countries">Canada</a>| |<a href="/kenya/content/team/26.html" name="&amp;lpos=header_countries">Kenya</a>| |<a href="/netherlands/content/team/15.html" name="&amp;lpos=header_countries">Netherlands</a>| |<a href="/nepal/content/team/33.html" name="&amp;lpos=header_countries">Nepal</a>| |<a href="/oman/content/team/37.html" name="&amp;lpos=header_countries">Oman</a>| |<a href="/usa/content/team/11.html" name="&amp;lpos=header_countries">USA</a>| |<a href="/ci/content/story/news.html" name="&amp;lpos=header_news">News</a>| |<a href="/ci/content/story/news.html" name="&amp;lpos=header_news">News Home</a>| |<a href="/blogs/content/story/blogs?genre=454" name="&amp;lpos=header_news">The Buzz</a>| |<a href="/ci/content/url/643069.html" name="&amp;lpos=header_news">The Surfer</a>| |<a href="/infocus/content/story/infocus.html" name="&amp;lpos=header_news">In Focus</a>| |<a href="/ci/content/story/features.html" name="&amp;lpos=header_features">Features</a>| |<a href="/ci/content/story/author.html?author=31" name="&amp;lpos=header_features">Sambit Bal</a>| |<a href="/ci/content/story/author.html?author=589" name="&amp;lpos=header_features">Simon Barnes</a>| |<a href="/ci/content/story/author.html?author=367" name="&amp;lpos=header_features">Daniel Brettig</a>| |<a href="/ci/content/story/author.html?author=261" name="&amp;lpos=header_features">Ian Chappell</a>| |<a href="/ci/content/story/author.html?author=276" name="&amp;lpos=header_features">Aakash Chopra</a>| |<a href="/ci/content/story/author.html?author=268" name="&amp;lpos=header_features">Brydon Coverdale</a>| |<a href="/ci/content/story/author.html?author=200" name="&amp;lpos=header_features">Tony Cozier</a>| |<a href="/ci/content/story/author.html?author=116" name="&amp;lpos=header_features">George Dobell</a>| |<a href="/ci/content/story/author.html?author=383" name="&amp;lpos=header_features">David Hopps</a>| |<a href="/ci/content/story/author.html?author=329" name="&amp;lpos=header_features">Jarrod Kimber</a>| |<a href="/ci/content/story/author.html?author=375" name="&amp;lpos=header_features">Ashley Mallett</a>| |<a href="/ci/content/story/author.html?author=9" name="&amp;lpos=header_features">Andrew Miller</a>| |<a href="/ci/content/story/author.html?author=272" name="&amp;lpos=header_features">Sidharth Monga</a>| |<a href="/ci/content/story/author.html?author=315" name="&amp;lpos=header_features">Firdose Moonda</a>| |<a href="/ci/content/story/author.html?author=384" name="&amp;lpos=header_features">Mark Nicholas</a>| |<a href="/ci/content/story/author.html?author=380" name="&amp;lpos=header_features">Ed Smith</a>| |<a href="/ci/content/story/author.html?author=291" name="&amp;lpos=header_features">Rob Steen</a>| |<a href="/ci/content/story/author.html?author=355" name="&amp;lpos=header_features">Sharda Ugra</a>| |<a href="/ci/content/story/author.html?author=311" name="&amp;lpos=header_features">Andy Zaltzman</a>| |<a href="/ci/content/story/genre.html?genre=256" name="&amp;lpos=header_features">Guest Column</a>| |<a href="/ci/content/story/genre.html?genre=6" name="&amp;lpos=header_features">Ask Steven</a>| |<a href="/ci/content/story/genre.html?genre=490" name="&amp;lpos=header_features">Couch Talk</a>| |<a href="/ci/content/story/genre.html?genre=268" name="&amp;lpos=header_features">Diaries</a>| |<a href="/ci/content/story/genre.html?genre=169" name="&amp;lpos=header_features">Features</a>| |<a href="/ci/content/story/genre.html?genre=174" name="&amp;lpos=header_features">Gleanings</a>| |<a href="/ci/content/story/genre.html?genre=188" name="&amp;lpos=header_features">I Was There</a>| |<a href="/ci/content/story/genre.html?genre=175" name="&amp;lpos=header_features">Interviews</a>| |<a href="/magazine/content/story/magazine/otd.html" name="&amp;lpos=header_features">On This Day</a>| |<a href="/ci/content/story/genre.html?genre=176" name="&amp;lpos=header_features">Profiles</a>| |<a href="/ci/content/story/genre.html?genre=12" name="&amp;lpos=header_features">Numbers Game</a>| |<a href="/ci/content/story/genre.html?genre=340" name="&amp;lpos=header_features">Quick Singles</a>| |<a href="/magazine/content/quote/index.html" name="&amp;lpos=header_features">Quote Unquote</a>| |<a href="/ci/content/story/genre.html?genre=21" name="&amp;lpos=header_features">Reviews</a>| |<a href="/ci/content/story/genre.html?genre=14" name="&amp;lpos=header_features">Rewind</a>| |<a href="/ci/content/story/genre.html?genre=173" name="&amp;lpos=header_features">Talking Cricket</a>| |<a href="/thestands/content/site/thestands" name="&amp;lpos=header_features"><b>The Stands</b></a>| |<a href="/ci/content/story/editors_pick.html" name="&amp;lpos=header_features"><b>EDITOR'S PICKS</b></a>| |<a href="/ci/content/video_audio/index.html" name="&amp;lpos=header_videos">Videos</a>| |<a href="/ci/content/video_audio/index.html" name="&amp;lpos=header_videos">Videos Home</a>| |<a href="/ci/content/video_audio/index.html?genre=155" name="&amp;lpos=header_videos">Match Day</a>| |<a href="/ci/content/video_audio/index.html?genre=10" name="&amp;lpos=header_videos">Comments</a>| |<a href="/ci/content/video_audio/index.html?genre=46" name="&amp;lpos=header_videos">Features</a>| |<a href="/ci/content/video_audio/index.html?genre=9" name="&amp;lpos=header_videos">Interviews</a>| |<a href="/legends-of-cricket/content/site/451900.html" name="&amp;lpos=header_videos">Legends of Cricket</a>| |<a href="/ci/content/video_audio/index.html?genre=129" name="&amp;lpos=header_videos">Let's Talk About</a>| |<a href="/ci/content/video_audio/index.html?genre=1" name="&amp;lpos=header_videos">Match Analysis</a>| |<a href="/ci/content/video_audio/modern_masters/index.html" name="&amp;lpos=header_videos">Modern Masters</a>| |<a href="/ci/content/video_audio/index.html?genre=53" name="&amp;lpos=header_videos">My XI</a>| |<a href="/ci/content/video_audio/index.html?genre=34" name="&amp;lpos=header_videos">News and Analysis</a>| |<a href="/ci/content/story/genre.html?genre=668" name="&amp;lpos=header_videos">Numbers Don't Lie</a>| |<a href="/ci/content/video_audio/index.html?genre=119" name="&amp;lpos=header_videos">Polite Enquiries</a>| |<a href="/ci/content/video_audio/index.html?genre=2" name="&amp;lpos=header_videos">Press Conference</a>| |<a href="/ci/content/video_audio/index.html?genre=27" name="&amp;lpos=header_videos">Switch Hit</a>| |<a href="http://www.youtube.com/ESPNCricinfo" name="&amp;lpos=header_videos" target="_blank">YouTube</a>| |<a href="/blogs/content/story/blogs/cordon.html" name="&amp;lpos=header_blogs">Blogs</a>| |<a href="/blogs/content/story/blogs/cordon.html" name="&amp;lpos=header_blogs">The Cordon</a>| |<a href="/blogs/content/story/blogs?genre=457" name="&amp;lpos=header_blogs">The Confectionery Stall</a>| |<a href="/thestands/content/site/thestands/genre.html?genre=451" name="&amp;lpos=header_blogs">Inbox</a>| |<a href="/blogs/content/story/blogs?genre=463" name="&amp;lpos=header_blogs">Shot Selection</a>| |<a href="/blogs/content/story/blogs?genre=427" name="&amp;lpos=header_blogs">Tour Diaries</a>| |<a href="/ci/content/image/index.html" name="&amp;lpos=header_photos">Photos</a>| |<a href="/ci/content/image/index.html" name="&amp;lpos=header_photos">Photos Home</a>| |<a href="/ci/content/gallery/index.html" name="&amp;lpos=header_photos">Galleries</a>| |<a href="/ci/content/stats/index.html" name="&amp;lpos=header_stats">Stats</a>| |<a href="/ci/content/stats/index.html" name="&amp;lpos=header_stats">Stats home</a>| |<a href="/ci/engine/stats/index.html" name="&amp;lpos=header_stats">Statsguru</a>| |<a href="/ci/engine/records/index.html?id=2016;type=year" name="&amp;lpos=header_stats">2016 records</a>| |<a href="/ci/engine/records/index.html?id=2015;type=year" name="&amp;lpos=header_stats">2015 records</a>| |<a href="/ci/engine/records/index.html" name="&amp;lpos=header_stats">All records</a>| |<a href="/ci/engine/series/index.html" name="&amp;lpos=header_stats">Match and series archive</a>| |<a href="/ci/content/player/index.html" name="&amp;lpos=header_stats">Players</a>| |<a href="/ci/content/ground/index.html" name="&amp;lpos=header_stats">Grounds</a>| |<a href="/rankings/content/page/211271.html" name="&amp;lpos=header_stats">Team Rankings / Player Rankings</a>| |<a href="/ci/content/story/genre.html?genre=668" name="&amp;lpos=header_stats">Numbers Don't Lie</a>| |<a href="http://www.espncricinfo.com/wisdenalmanack/content/story/almanack" name="&amp;lpos=header_stats">Wisden Almanack</a>| |<a href="/insights" name="&amp;lpos=header_stats">Insights</a>| |<button class="srch_btn"><span class="sp sp_srch2"></span></button>| |<a class="" href="/indian-premier-league-2016/content/series/968923.html" name="&amp;lpos=quicklink_IPL2016">IPL 2016</a>| |<a class="" href="/ci/content/series/999141.html" name="&amp;lpos=quicklink_DhakaLeague">Dhaka League</a>| |<a class="" href="/england-v-sri-lanka-2016/content/series/913581.html" name="&amp;lpos=quicklink_EngvSL">Eng v SL</a>| |<a class="" href="/county-cricket-2016/content/series/928261.html" name="&amp;lpos=quicklink_CountyCricket">County Cricket</a>| |<a class="" href="/ci/content/url/784439.html" name="&amp;lpos=quicklink_CricketMonthly">Cricket Monthly</a>| |<a class="ci-tabs" data-tabname="live" href="#live">Live</a>| |<a class="ci-tabs" data-tabname="results" href="#results">Results</a>| |<a class="ci-tabs" data-tabname="fixtures" href="#fixtures">Fixtures</a>| |<a href="/indian-premier-league-2016/engine/match/980999.html">
<div class="part-1">
<span class="team-name">RCB</span>
<span class="team-score"> 211/3</span>
</div>
<span class="versus"> v </span>
<div class="part-2">
<span class="team-name">Kings XI</span>
<span class="team-score"> 120/9 (14/14 ov, target 203)</span>
</div>
<span class="start-time">RCB won by 82 runs (D/L method)</span>
</a>| |<a href="/indian-premier-league-2016/engine/match/981001.html">
<div class="part-1">
<span class="team-name">Guj Lions</span>
<span class="team-score"></span>
</div>
<span class="versus"> v </span>
<div class="part-2">
<span class="team-name">KKR</span>
<span class="team-score"></span>
</div>
<span class="start-time"> (20:00 local || 14:30 GMT || 20:30 BDT)</span>
<span class="start-time"></span>
</a>| |<a href="/ci/engine/match/1013583.html">
<div class="part-1">
<span class="team-name">KhoPro</span>
<span class="team-score"> 164</span>
</div>
<span class="versus"> v </span>
<div class="part-2">
<span class="team-name">NanProvince</span>
<span class="team-score"> 165/9 (44/50 ov)</span>
</div>
<span class="start-time">NanProvince won by 1 wicket (with 36 balls remaining)</span>
</a>| |<a href="/ci/engine/match/1013585.html">
<div class="part-1">
<span class="team-name">Laghman</span>
<span class="team-score"> 262/9</span>
</div>
<span class="versus"> v </span>
<div class="part-2">
<span class="team-name">Paktia</span>
<span class="team-score"> 260 (48/50 ov)</span>
</div>
<span class="start-time">Laghman won by 2 runs</span>
</a>| |<a href="/ci/engine/match/1010147.html">
<div class="part-1">
<span class="team-name">Habib Bank</span>
<span class="team-score"> 465/5 (83 ov)</span>
</div>
<span class="versus"> v </span>
<div class="part-2">
<span class="team-name">ACB Dev</span>
<span class="team-score"></span>
</div>
<span class="start-time"></span>
</a>| |<a href="/ci/engine/match/1013271.html">
<div class="part-1">
<span class="team-name">Sheikh Jamal</span>
<span class="team-score"> 168/9</span>
</div>
<span class="versus"> v </span>
<div class="part-2">
<span class="team-name">Gazi Group</span>
<span class="team-score"> 83/3 (16.1/38 ov, target 196)</span>
</div>
<span class="start-time"></span>
</a>| |<a href="/ci/engine/match/946837.html">
<div class="part-1">
<span class="team-name">Durham</span>
<span class="team-score"> 411 &amp; 239/4d</span>
</div>
<span class="versus"> v </span>
<div class="part-2">
<span class="team-name">Lancashire</span>
<span class="team-score"> 326 &amp; 251 (67 ov, target 325)</span>
</div>
<span class="start-time">Durham won by 73 runs</span>
</a>| |<a href="/ci/engine/match/946983.html">
<div class="part-1">
<span class="team-name">Essex</span>
<span class="team-score"> 538/7d</span>
</div>
<span class="versus"> v </span>
<div class="part-2">
<span class="team-name">Derbyshire</span>
<span class="team-score"> 280 &amp; 261/4 (71 ov) (f/o)</span>
</div>
<span class="start-time">Match drawn</span>
</a>| |<a href="/ci/engine/match/946985.html">
<div class="part-1">
<span class="team-name">Gloucs</span>
<span class="team-score"> 262 &amp; 336</span>
</div>
<span class="versus"> v </span>
<div class="part-2">
<span class="team-name">Glamorgan</span>
<span class="team-score"> 330 &amp; 143 (49 ov, target 269)</span>
</div>
<span class="start-time">Gloucs won by 125 runs</span>
</a>| |<a href="/ci/engine/match/946987.html">
<div class="part-1">
<span class="team-name">Kent</span>
<span class="team-score"> 396 &amp; 131/2 (40 ov)</span>
</div>
<span class="versus"> v </span>
<div class="part-2">
<span class="team-name">Northants</span>
<span class="team-score"> 498</span>
</div>
<span class="start-time">Match drawn</span>
</a>| |<a href="/ci/engine/match/946841.html">
<div class="part-1">
<span class="team-name">Warwickshire</span>
<span class="team-score"> 373 &amp; 236</span>
</div>
<span class="versus"> v </span>
<div class="part-2">
<span class="team-name">Notts</span>
<span class="team-score"> 383 &amp; 173 (36.4 ov, target 227)</span>
</div>
<span class="start-time">Warwickshire won by 53 runs</span>
</a>| |<a href="/ci/engine/match/946843.html">
<div class="part-1">
<span class="team-name">Somerset</span>
<span class="team-score"> 562/7d</span>
</div>
<span class="versus"> v </span>
<div class="part-2">
<span class="team-name">Yorkshire</span>
<span class="team-score"> 311 &amp; 141/6 (71.4 ov) (f/o)</span>
</div>
<span class="start-time">Match drawn</span>
</a>| |<a href="/ci/engine/match/946839.html">
<div class="part-1">
<span class="team-name">Middlesex</span>
<span class="team-score"> 395</span>
</div>
<span class="versus"> v </span>
<div class="part-2">
<span class="team-name">Surrey</span>
<span class="team-score"> 242 &amp; 98/0 (45 ov) (f/o)</span>
</div>
<span class="start-time">Match drawn</span>
</a>| |<a href="/ci/engine/match/946989.html">
<div class="part-1">
<span class="team-name">Worcs</span>
<span class="team-score"> 491</span>
</div>
<span class="versus"> v </span>
<div class="part-2">
<span class="team-name">Sussex</span>
<span class="team-score"> 278 &amp; 411/9 (144 ov) (f/o)</span>
</div>
<span class="start-time">Match drawn</span>
</a>| |<a href="/ci/engine/match/1002133.html">
<div class="part-1">
<span class="team-name">Leinster</span>
<span class="team-score"> 306/3d &amp; 19/1 (7 ov)</span>
</div>
<span class="versus"> v </span>
<div class="part-2">
<span class="team-name">N. Knights</span>
<span class="team-score"> 320/8d</span>
</div>
<span class="start-time"></span>
</a>| |<a href="/ci/engine/match/index.html?view=live" name="&amp;lpos=resultsfixtures_livescorespages">Live scores pages</a>| |<a href="/mobile/content/site/mobile/mobilehome.html" name="&amp;lpos=resultsfixtures_scoresonmobiles">Scores on Mobile</a>| |<a href="/indian-premier-league-2016/engine/match/980999.html">
RCB v Kings XI at Bangalore
    </a>| |<a href="/ci/engine/match/1013269.html">
Brothers v Kalabagan KC at Savar (3)
    </a>| |<a href="/ci/engine/match/1013267.html">
Victoria SC v Cricket CS at Fatullah
    </a>| |<a href="/ci/engine/match/946837.html">
Durham v Lancashire at Chester-le-Street
    </a>| |<a href="/ci/engine/match/946983.html">
Essex v Derbyshire at Chelmsford
    </a>| |<a href="/ci/engine/match/946985.html">
Gloucs v Glamorgan at Bristol
    </a>| |<a href="/ci/engine/match/946987.html">
Northants v Kent at Northampton
    </a>| |<a href="/ci/engine/match/946841.html">
Notts v Warwickshire at Nottingham
    </a>| |<a href="/ci/engine/match/946843.html">
Somerset v Yorkshire at Taunton
    </a>| |<a href="/ci/engine/match/946839.html">
Surrey v Middlesex at The Oval
    </a>| |<a href="/ci/engine/match/946989.html">
Worcs v Sussex at Worcester
    </a>| |<a href="/ci/engine/match/scores/recent.html" name="&amp;lpos=resultsfixtures_viewallresults">View all results</a>| |<a href="/indian-premier-league-2016/engine/match/981001.html">
    Guj Lions v KKR at Kanpur
    </a>| |<a href="/ci/content/match/fixtures/index.html" name="&amp;lpos=resultsfixtures_completefixtures">Complete fixtures</a>| |<a><span data-matchtype="seriesid968923">Indian Premier League</span></a>| |<a class="special-series default" data-mdesc="indian premier league" data-mtype="seriesid968923">Indian Premier League</a>| |<a class="" data-mdesc="domestic" data-mtype="domestic">Domestic</a>| |<a class="" data-mdesc="international" data-mtype="international">International</a>| |<a class="" data-mdesc="others" data-mtype="others">Others</a>| |<a href="/indian-premier-league-2016/engine/match/980999.html">
<div class="part-1">
<span class="team-name">RCB</span>
<span class="team-score"> 211/3</span>
</div>
<span class="versus"> v </span>
<div class="part-2">
<span class="team-name">Kings XI</span>
<span class="team-score"> 120/9 (14/14 ov, target 203)</span>
</div>
<span class="start-time">RCB won by 82 runs (D/L method)</span>
</a>| |<a href="/indian-premier-league-2016/engine/match/981001.html">
<div class="part-1">
<span class="team-name">Guj Lions</span>
<span class="team-score"></span>
</div>
<span class="versus"> v </span>
<div class="part-2">
<span class="team-name">KKR</span>
<span class="team-score"></span>
</div>
<span class="start-time"> (20:00 local || 14:30 GMT || 20:30 BDT)</span>
<span class="start-time"></span>
</a>| |<a href="/ci/engine/match/1013583.html">
<div class="part-1">
<span class="team-name">KhoPro</span>
<span class="team-score"> 164</span>
</div>
<span class="versus"> v </span>
<div class="part-2">
<span class="team-name">NanProvince</span>
<span class="team-score"> 165/9 (44/50 ov)</span>
</div>
<span class="start-time">NanProvince won by 1 wicket (with 36 balls remaining)</span>
</a>| |<a href="/ci/engine/match/1013585.html">
<div class="part-1">
<span class="team-name">Laghman</span>
<span class="team-score"> 262/9</span>
</div>
<span class="versus"> v </span>
<div class="part-2">
<span class="team-name">Paktia</span>
<span class="team-score"> 260 (48/50 ov)</span>
</div>
<span class="start-time">Laghman won by 2 runs</span>
</a>| |<a href="/ci/engine/match/1010147.html">
<div class="part-1">
<span class="team-name">Habib Bank</span>
<span class="team-score"> 465/5 (83 ov)</span>
</div>
<span class="versus"> v </span>
<div class="part-2">
<span class="team-name">ACB Dev</span>
<span class="team-score"></span>
</div>
<span class="start-time"></span>
</a>| |<a href="/ci/engine/match/1013271.html">
<div class="part-1">
<span class="team-name">Sheikh Jamal</span>
<span class="team-score"> 168/9</span>
</div>
<span class="versus"> v </span>
<div class="part-2">
<span class="team-name">Gazi Group</span>
<span class="team-score"> 83/3 (16.1/38 ov, target 196)</span>
</div>
<span class="start-time"></span>
</a>| |<a href="/ci/engine/match/946837.html">
<div class="part-1">
<span class="team-name">Durham</span>
<span class="team-score"> 411 &amp; 239/4d</span>
</div>
<span class="versus"> v </span>
<div class="part-2">
<span class="team-name">Lancashire</span>
<span class="team-score"> 326 &amp; 251 (67 ov, target 325)</span>
</div>
<span class="start-time">Durham won by 73 runs</span>
</a>| |<a href="/ci/engine/match/946983.html">
<div class="part-1">
<span class="team-name">Essex</span>
<span class="team-score"> 538/7d</span>
</div>
<span class="versus"> v </span>
<div class="part-2">
<span class="team-name">Derbyshire</span>
<span class="team-score"> 280 &amp; 261/4 (71 ov) (f/o)</span>
</div>
<span class="start-time">Match drawn</span>
</a>| |<a href="/ci/engine/match/946985.html">
<div class="part-1">
<span class="team-name">Gloucs</span>
<span class="team-score"> 262 &amp; 336</span>
</div>
<span class="versus"> v </span>
<div class="part-2">
<span class="team-name">Glamorgan</span>
<span class="team-score"> 330 &amp; 143 (49 ov, target 269)</span>
</div>
<span class="start-time">Gloucs won by 125 runs</span>
</a>| |<a href="/ci/engine/match/946987.html">
<div class="part-1">
<span class="team-name">Kent</span>
<span class="team-score"> 396 &amp; 131/2 (40 ov)</span>
</div>
<span class="versus"> v </span>
<div class="part-2">
<span class="team-name">Northants</span>
<span class="team-score"> 498</span>
</div>
<span class="start-time">Match drawn</span>
</a>| |<a href="/ci/engine/match/946841.html">
<div class="part-1">
<span class="team-name">Warwickshire</span>
<span class="team-score"> 373 &amp; 236</span>
</div>
<span class="versus"> v </span>
<div class="part-2">
<span class="team-name">Notts</span>
<span class="team-score"> 383 &amp; 173 (36.4 ov, target 227)</span>
</div>
<span class="start-time">Warwickshire won by 53 runs</span>
</a>| |<a href="/ci/engine/match/946843.html">
<div class="part-1">
<span class="team-name">Somerset</span>
<span class="team-score"> 562/7d</span>
</div>
<span class="versus"> v </span>
<div class="part-2">
<span class="team-name">Yorkshire</span>
<span class="team-score"> 311 &amp; 141/6 (71.4 ov) (f/o)</span>
</div>
<span class="start-time">Match drawn</span>
</a>| |<a href="/ci/engine/match/946839.html">
<div class="part-1">
<span class="team-name">Middlesex</span>
<span class="team-score"> 395</span>
</div>
<span class="versus"> v </span>
<div class="part-2">
<span class="team-name">Surrey</span>
<span class="team-score"> 242 &amp; 98/0 (45 ov) (f/o)</span>
</div>
<span class="start-time">Match drawn</span>
</a>| |<a href="/ci/engine/match/946989.html">
<div class="part-1">
<span class="team-name">Worcs</span>
<span class="team-score"> 491</span>
</div>
<span class="versus"> v </span>
<div class="part-2">
<span class="team-name">Sussex</span>
<span class="team-score"> 278 &amp; 411/9 (144 ov) (f/o)</span>
</div>
<span class="start-time">Match drawn</span>
</a>| |<a href="/ci/engine/match/1002133.html">
<div class="part-1">
<span class="team-name">Leinster</span>
<span class="team-score"> 306/3d &amp; 19/1 (7 ov)</span>
</div>
<span class="versus"> v </span>
<div class="part-2">
<span class="team-name">N. Knights</span>
<span class="team-score"> 320/8d</span>
</div>
<span class="start-time"></span>
</a>| |<a href="/indian-premier-league-2016/engine/match/980999.html">
RCB v Kings XI at Bangalore
    </a>| |<a href="/ci/engine/match/1013269.html">
Brothers v Kalabagan KC at Savar (3)
    </a>| |<a href="/ci/engine/match/1013267.html">
Victoria SC v Cricket CS at Fatullah
    </a>| |<a href="/ci/engine/match/946837.html">
Durham v Lancashire at Chester-le-Street
    </a>| |<a href="/ci/engine/match/946983.html">
Essex v Derbyshire at Chelmsford
    </a>| |<a href="/ci/engine/match/946985.html">
Gloucs v Glamorgan at Bristol
    </a>| |<a href="/ci/engine/match/946987.html">
Northants v Kent at Northampton
    </a>| |<a href="/ci/engine/match/946841.html">
Notts v Warwickshire at Nottingham
    </a>| |<a href="/ci/engine/match/946843.html">
Somerset v Yorkshire at Taunton
    </a>| |<a href="/ci/engine/match/946839.html">
Surrey v Middlesex at The Oval
    </a>| |<a href="/ci/engine/match/946989.html">
Worcs v Sussex at Worcester
    </a>| |<a href="/indian-premier-league-2016/engine/match/981001.html">
    Guj Lions v KKR at Kanpur
    </a>| |<a class="twitter-timeline" data-chrome="noborders" data-link-color="#439ec9" data-theme="light" data-widget-id="586402209283227648" height="600" href="/ESPNcricinfo/timelines/585813293161406464" style="width:320px; margin-bottom:20px; height:290px;" width="300">Readers recommend</a>| |<a href="/ci/content/url/501367.html">99</a>| |<a href="/ci/content/video_audio/1015755.html" name="&amp;lpos=headline_row0area0">
            Eng v SL, 1st Test, Headingley
            </a>| |<a href="/england-v-sri-lanka-2016/content/story/1015969.html" name="&amp;lpos=headline_row0area0">A new Test of resolve after T20 hiatus</a>| |<a data-tname="news" href="#">News</a>| |<a data-tname="epicks" href="#">Editor's Picks</a>| |<a href="/ci/content/story/editors_pick.html">Editor's Picks</a>| |<a href="/blogs/content/story/1015329.html" name="&amp;lpos=editorspick_1"><img alt="" class="img-full" data-src="http://p.imgci.com/db/PICTURES/CMS/242300/242333.4.jpg" src="http://i.imgci.com/espncricinfo/redesign/default-thumbnail.jpg" title=""/></a>| |<a href="/blogs/content/story/1015329.html" name="&amp;lpos=editorspick_1">Before you can hit it, you have to think it</a>| |<a href="http://www.thecricketmonthly.com/story/1001303/the-thing-about-headingley" name="&amp;lpos=editorspick_2"><img alt="" class="img-full" data-src="http://p.imgci.com/db/PICTURES/CMS/240500/240549.5.jpg" src="http://i.imgci.com/espncricinfo/redesign/default-thumbnail.jpg" title=""/></a>| |<a href="http://www.thecricketmonthly.com/story/1001303/the-thing-about-headingley" name="&amp;lpos=editorspick_2">The thing about Headingley</a>| |<a href="http://www.thecricketmonthly.com/story/1001303/the-thing-about-headingley"><b>The Cricket Monthly:</b> A tribute to an underappreciated ground, 75 Tests old this summer</a>| |<a href="/tcm/content/url/784439.html">TCM May issue</a>| |<a href="/magazine/content/story/1015027.html" name="&amp;lpos=editorspick_3"><img alt="" class="img-full" data-src="http://p.imgci.com/db/PICTURES/CMS/242900/242941.5.jpg" src="http://i.imgci.com/espncricinfo/redesign/default-thumbnail.jpg" title=""/></a>| |<a href="/magazine/content/story/1015027.html" name="&amp;lpos=editorspick_3">'I preferred winning four-day games to T20'</a>| |<a href="/ci/content/video_audio/1015523.html" name="&amp;lpos=editorspick_4">Sri Lanka's top best bowling attack</a>| |<a href="/magazine/content/story/1014825.html" name="&amp;lpos=editorspick_5"><img alt="" class="img-full" data-src="http://p.imgci.com/db/PICTURES/CMS/242800/242857.5.jpg" src="http://i.imgci.com/espncricinfo/redesign/default-thumbnail.jpg" title=""/></a>| |<a href="/magazine/content/story/1014825.html" name="&amp;lpos=editorspick_5">Debutants born on the same day, and the best T20 figures</a>| |<a href="/magazine/content/story/1013647.html" name="&amp;lpos=editorspick_6"><img alt="" class="img-full" data-src="http://p.imgci.com/db/PICTURES/CMS/242500/242573.5.jpg" src="http://i.imgci.com/espncricinfo/redesign/default-thumbnail.jpg" title=""/></a>| |<a href="/magazine/content/story/1013647.html" name="&amp;lpos=editorspick_6">How cricket has helped heal Sri Lanka's south</a>| |<a href="http://www.thecricketmonthly.com/gallery/1001347/the-weird-and-wonderful-world-of-the-ipl" name="&amp;lpos=editorspick_7"><img alt="" class="img-full" data-src="http://p.imgci.com/db/PICTURES/CMS/240500/240557.5.jpg" src="http://i.imgci.com/espncricinfo/redesign/default-thumbnail.jpg" title=""/></a>| |<a href="http://www.thecricketmonthly.com/gallery/1001347/the-weird-and-wonderful-world-of-the-ipl" name="&amp;lpos=editorspick_7">The weird and wonderful world of the IPL</a>| |<a href="http://www.thecricketmonthly.com/gallery/1001347/the-weird-and-wonderful-world-of-the-ipl"><b>The Cricket Monthly:</b> The league of extraordinary proportions, in pictures</a>| |<a href="/tcm/content/url/784439.html">TCM May issue</a>| |<a href="/magazine/content/story/1014115.html" name="&amp;lpos=editorspick_8"><img alt="" class="img-full" data-src="http://p.imgci.com/db/PICTURES/CMS/242400/242403.5.jpg" src="http://i.imgci.com/espncricinfo/redesign/default-thumbnail.jpg" title=""/></a>| |<a href="/magazine/content/story/1014115.html" name="&amp;lpos=editorspick_8">Will we see another like Cozier?</a>| |<a href="/magazine/content/story/1014343.html" name="&amp;lpos=editorspick_9"><img alt="" class="img-full" data-src="http://p.imgci.com/db/PICTURES/CMS/242700/242751.5.jpg" src="http://i.imgci.com/espncricinfo/redesign/default-thumbnail.jpg" title=""/></a>| |<a href="/magazine/content/story/1014343.html" name="&amp;lpos=editorspick_9">'Afghanistan needs to organise international cricket at home'</a>| |<a href="/ci/content/story/editors_pick.html" name="&amp;lpos=editorspick_more">More</a>| |<a href="http://www.thecricketmonthly.com" name="&amp;lpos=editorspick_thecricketmonthly">The Cricket Monthly</a>| |<a href="/ci/content/video_audio/1015755.html" name="&amp;lpos=headline_row0area0">Eng v SL, 1st Test, Headingley</a>| |<a href="/england-v-sri-lanka-2016/content/story/1015969.html" name="&amp;lpos=headline_row0area0">A new Test of resolve after T20 hiatus</a>| |<a href="/england-v-sri-lanka-2016/content/story/1015969.html" name="&amp;lpos=headline_row0area0">Preview - England seek payback</a>| |<a href="/england-v-sri-lanka-2016/content/story/1016157.html" name="&amp;lpos=headline_row0area0">Cook at ease and ready to complete circle</a>| |<a href="/ci/content/video_audio/1015989.html" name="&amp;lpos=headline_row0area0">'Taken three years to feel comfortable as captain'</a>| |<a href="/england-v-sri-lanka-2016/content/story/1015679.html" name="&amp;lpos=headline_row0area0">Dobell: Enjoyment helps Vince settle in</a>| |<a href="/england-v-sri-lanka-2016/content/story/1015917.html" name="&amp;lpos=headline_row0area0">Prior backs Bairstow to cement keeper's role</a>| |<a href="/ci/content/video_audio/1014831.html" name="&amp;lpos=headline_row0area0">Switch Hit - Cautious or clever England?</a>| |<a href="/england-v-sri-lanka-2016/content/story/1015709.html" name="&amp;lpos=headline_row0area0">Stats - Cook needs 36, plus a steady partner</a>| |<a href="/tcm/content/story/1001303.html" name="&amp;lpos=headline_row0area0">Duncan Hamilton: The thing about Headingley</a>| |<a href="#">
<span class="icon-font icon-boxed-plus-outline"></span>
<span class="more-news-count">8 Related</span>
<span class="more-news-close">Close</span>
</a>| |<a href="/england-v-sri-lanka-2016/content/series/913581.html" name="&amp;lpos=headline_row1area1">Eng v SL, 1st Test, Headingley</a>| |<a href="/england-v-sri-lanka-2016/content/story/1016003.html" name="&amp;lpos=headline_row1area1">Mathews backs 'fearless' youngsters to shine</a>| |<a href="/england-v-sri-lanka-2016/content/story/1016003.html" name="&amp;lpos=headline_row1area1">But cold weather set to be a factor</a>| |<a href="/ci/content/video_audio/1016055.html" name="&amp;lpos=headline_row1area1">Jayawardene: SL enjoy being underdogs</a>| |<a href="/england-v-sri-lanka-2016/content/story/1015563.html" name="&amp;lpos=headline_row1area1">Fernando: Daunting challenge to match 2014</a>| |<a href="/england-v-sri-lanka-2016/content/story/1015805.html" name="&amp;lpos=headline_row1area1">Third tour brings fond memories for Herath</a>| |<a href="/ci/content/video_audio/1015523.html" name="&amp;lpos=headline_row1area1">Two Men Out - SL's 'top best attack'?</a>| |<a href="#">
<span class="icon-font icon-boxed-plus-outline"></span>
<span class="more-news-count">5 Related</span>
<span class="more-news-close">Close</span>
</a>| |<a href="/ci/content/series/999141.html" name="&amp;lpos=headline_row1area2">Dhaka Premier League 2016</a>| |<a href="/bangladesh-domestic-2015-16/content/story/1015957.html" name="&amp;lpos=headline_row1area2">Brothers beat KKC by nine in dramatic heist</a>| |<a href="/bangladesh-domestic-2015-16/content/story/1015957.html" name="&amp;lpos=headline_row1area2"><img alt="" class="img-full" data-src="http://p.imgci.com/db/PICTURES/CMS/231700/231745.4.jpg" src="http://i.imgci.com/espncricinfo/redesign/default-thumbnail.jpg" title=""/></a>| |<a href="/bangladesh-domestic-2015-16/content/story/1015957.html" name="&amp;lpos=headline_row1area2">Round-up - CCS register first win</a>| |<a href="/bangladesh/content/story/1015971.html" name="&amp;lpos=headline_row1area2">Sharif's hat-trick gives Gazi upper hand</a>| |<a href="#">
<span class="icon-font icon-boxed-plus-outline"></span>
<span class="more-news-count">2 Related</span>
<span class="more-news-close">Close</span>
</a>| |<a href="/southafrica/content/team/3.html" name="&amp;lpos=headline_row2area1">South Africa news</a>| |<a href="/southafrica/content/story/1015719.html" name="&amp;lpos=headline_row2area1">Club v country debate looms for Steyn</a>| |<a href="/southafrica/content/story/1015719.html" name="&amp;lpos=headline_row2area1"><img alt="" class="img-full" data-src="http://p.imgci.com/db/PICTURES/CMS/238700/238755.4.jpg" src="http://i.imgci.com/espncricinfo/redesign/default-thumbnail.jpg" title=""/></a>| |<a href="/southafrica/content/story/1015719.html" name="&amp;lpos=headline_row2area1">Fast bowler rested by SA, but may play for Glamorgan</a>| |<a href="#">
<span class="icon-font icon-boxed-plus-outline"></span>
<span class="more-news-count">1 Related</span>
<span class="more-news-close">Close</span>
</a>| |<a href="/indian-premier-league-2016/engine/match/980999.html" name="&amp;lpos=headline_row2area2">RCB v Kings XI, IPL 2016</a>| |<a href="/indian-premier-league-2016/content/story/1015951.html" name="&amp;lpos=headline_row2area2">Kohli 113, Gayle 73 smother Kings XI</a>| |<a href="/indian-premier-league-2016/content/story/1015951.html" name="&amp;lpos=headline_row2area2"><img alt="" class="img-full" data-src="http://p.imgci.com/db/PICTURES/CMS/243000/243093.4.jpg" src="http://i.imgci.com/espncricinfo/redesign/default-thumbnail.jpg" title=""/></a>| |<a href="/indian-premier-league-2016/engine/match/980999.html" name="&amp;lpos=headline_row2area2">SCORECARD</a>| |<a href="/indian-premier-league-2016/content/story/1015951.html" name="&amp;lpos=headline_row2area2">Report - RCB win rain-hit game by 82 runs</a>| |<a href="/indian-premier-league-2016/content/story/1015953.html" name="&amp;lpos=headline_row2area2">Plays - Kohli and Gayle's 'champion' party</a>| |<a href="/indian-premier-league-2016/content/story/1016225.html" name="&amp;lpos=headline_row2area2">Stats - Kohli first to 4000 IPL runs</a>| |<a href="/indian-premier-league-2016/content/story/1016169.html" name="&amp;lpos=headline_row2area2">Top Fives - Kohli tops IPL's run charts</a>| |<a href="/indian-premier-league-2016/content/story/1014843.html" name="&amp;lpos=headline_row2area2">Scenarios - Six contenders, four spots</a>| |<a href="/ci/content/url/998259.html" name="&amp;lpos=headline_row2area2"><b>Points table</b></a>| |<a href="#">
<span class="icon-font icon-boxed-plus-outline"></span>
<span class="more-news-count">7 Related</span>
<span class="more-news-close">Close</span>
</a>| |<a href="/indian-premier-league-2016/content/story/1015753.html" name="&amp;lpos=headline_row3area1">Lions v KKR, IPL 2016, Kanpur</a>| |<a href="/indian-premier-league-2016/content/story/1015753.html" name="&amp;lpos=headline_row3area1">Leg injury rules Russell out of Lions game</a>| |<a href="/indian-premier-league-2016/content/story/1015753.html" name="&amp;lpos=headline_row3area1"><img alt="" class="img-full" data-src="http://p.imgci.com/db/PICTURES/CMS/242900/242911.6.jpg" src="http://i.imgci.com/espncricinfo/redesign/default-thumbnail.jpg" title=""/></a>| |<a href="/indian-premier-league-2016/content/story/1015753.html" name="&amp;lpos=headline_row3area1">KKR allrounder did not travel to Kanpur</a>| |<a href="/indian-premier-league-2016/content/story/1015899.html" name="&amp;lpos=headline_row3area1">Preview - Lions receive Raina boost</a>| |<a href="/ci/content/url/998259.html" name="&amp;lpos=headline_row3area1"><b>Points table</b></a>| |<a href="#">
<span class="icon-font icon-boxed-plus-outline"></span>
<span class="more-news-count">3 Related</span>
<span class="more-news-close">Close</span>
</a>| |<a href="/england/content/team/1.html" name="&amp;lpos=headline_row3area2">England news</a>| |<a href="/england/content/story/1015527.html" name="&amp;lpos=headline_row3area2">Captaincy would be 'massive honour' - Knight</a>| |<a href="/england/content/story/1015527.html" name="&amp;lpos=headline_row3area2">Says Edwards' achievements 'remarkable'</a>| |<a href="#">
<span class="icon-font icon-boxed-plus-outline"></span>
<span class="more-news-count">1 Related</span>
<span class="more-news-close">Close</span>
</a>| |<a href="/ci/content/story/news.html">More News</a>| |<a href="/ci/content/story/news.html" name="&amp;lpos=morenews_all">All →</a>| |<a href="/indian-premier-league-2016/engine/match/980997.html" name="&amp;lpos=morenews_news">Supergiants v Daredevils, IPL 2016</a>| |<a href="/indian-premier-league-2016/content/story/1015519.html" name="&amp;lpos=morenews_news">Daredevils' playoff push suffers setback</a>| |<a href="#">
<span class="icon-font icon-boxed-plus-outline"></span><span class="more-news-count">7</span><span class="more-news-close icon-font icon-boxed-close-outline"></span>
</a>| |<a href="/indian-premier-league-2016/engine/match/980997.html">SCORECARD</a>| |<a href="/indian-premier-league-2016/content/story/1015519.html">Report - Supergiants win by 19 runs</a>| |<a href="/indian-premier-league-2016/content/story/1015809.html">Venugopal: Zampa, The Wicket Gobbler</a>| |<a href="/indian-premier-league-2016/content/story/1015521.html">Plays - Case of the carefree canine</a>| |<a href="/ci/content/video_audio/1015771.html">No room for error now - Nair</a>| |<a href="/indian-premier-league-2016/content/story/1015699.html">Match in pics - D/L comes into play</a>| |<a href="/ci/content/url/998259.html"><b>Points table</b></a>| |<a href="/srilanka/content/team/8.html" name="&amp;lpos=morenews_news">Sri Lanka news</a>| |<a href="/srilanka/content/story/1015837.html" name="&amp;lpos=morenews_news">Gunawardene, Dias to coach SL A, U-19 sides</a>| |<a href="/srilanka/content/team/8.html" name="&amp;lpos=morenews_news">Sri Lanka news</a>| |<a href="/srilanka/content/story/1014849.html" name="&amp;lpos=morenews_news">ICC, SLC at odds over Perera case costs</a>| |<a href="#">
<span class="icon-font icon-boxed-plus-outline"></span><span class="more-news-count">2</span><span class="more-news-close icon-font icon-boxed-close-outline"></span>
</a>| |<a href="/srilanka/content/story/1014849.html">ICC denies board asked for reimbursement</a>| |<a href="/ci/content/video_audio/1015681.html">'Perera, SLC must be compensated'</a>| |<a href="/england/content/team/1.html" name="&amp;lpos=morenews_news">England news</a>| |<a href="/england/content/story/1014951.html" name="&amp;lpos=morenews_news">I can develop so much more - Root</a>| |<a href="#">
<span class="icon-font icon-boxed-plus-outline"></span><span class="more-news-count">2</span><span class="more-news-close icon-font icon-boxed-close-outline"></span>
</a>| |<a href="/england/content/story/1014951.html">Takes clean sweep at annual awards</a>| |<a href="/england/content/story/1014385.html">Five of Root's best</a>| |<a href="/pakistan/content/team/7.html" name="&amp;lpos=morenews_news">Pakistan news</a>| |<a href="/pakistan/content/story/1014877.html" name="&amp;lpos=morenews_news">PCB mulls SL as venue for WI series</a>| |<a href="/ci/content/series/999141.html" name="&amp;lpos=morenews_news">Dhaka Premier League 2016</a>| |<a href="/bangladesh-domestic-2016-17/content/story/1014837.html" name="&amp;lpos=morenews_news">KCA upset Abahani Ltd after Mahmudul ton</a>| |<a href="/indian-premier-league-2016/engine/match/980995.html" name="&amp;lpos=morenews_news">KKR v RCB, IPL 2016</a>| |<a href="/indian-premier-league-2016/content/story/1014889.html" name="&amp;lpos=morenews_news">RCB top order proves too hot for KKR</a>| |<a href="#">
<span class="icon-font icon-boxed-plus-outline"></span><span class="more-news-count">7</span><span class="more-news-close icon-font icon-boxed-close-outline"></span>
</a>| |<a href="/indian-premier-league-2016/engine/match/980995.html">SCORECARD</a>| |<a href="/indian-premier-league-2016/content/story/1014889.html">Report - Average day for Shakib</a>| |<a href="/indian-premier-league-2016/content/story/1015189.html">Gollapudi: Gayle walks the talk</a>| |<a href="/indian-premier-league-2016/content/story/1014913.html">Plays - Gambhir stars in mix-up menace</a>| |<a href="/indian-premier-league-2016/content/story/1015183.html">Top Fives - Kohli's record-breaking IPL</a>| |<a href="/indian-premier-league-2016/content/story/1015085.html">Match in pics - Russell goes down</a>| |<a href="/ci/content/url/998259.html"><b>Points table</b></a>| |<a href="/westindies/content/team/4.html" name="&amp;lpos=morenews_news">West Indies news</a>| |<a href="/westindies/content/story/1014963.html" name="&amp;lpos=morenews_news">Losing WI job 'bit of a shock' - Ambrose</a>| |<a href="/ci/content/url/723301.html" name="&amp;lpos=morenews_thebuzz">
<h4>The Buzz</h4>
<span>A 51-hour net for a Rwandan field of dreams</span>
</a>| |<a href="/infocus/content/story/infocus.html?subject=4" name="&amp;lpos=morenews_infocus">
<h4>In focus</h4>
<span>Corruption in cricket</span>
</a>| |<a href="/ci/content/url/643069.html" name="&amp;lpos=morenews_thesurfer">
<h4>The Surfer</h4>
<span>Decoding Dhoni's art of wicketkeeping</span>
</a>| |<a href="/magazine/content/story/149619.html" name="&amp;lpos=morenews_onthisday">
<h4>On This Day</h4>
<span><b>May 18:</b> Birth of Hedley Verity</span>
</a>| |<a href="/ci/content/url/826273.html">My secret is very simple. The wife came to watch me today</a>| |<a href="/ci/content/story/editors_pick.html">Editor's Picks</a>| |<a href="/blogs/content/story/1015329.html" name="&amp;lpos=editorspick_1"><img alt="" class="img-full" data-src="http://p.imgci.com/db/PICTURES/CMS/242300/242333.4.jpg" src="http://i.imgci.com/espncricinfo/redesign/default-thumbnail.jpg" title=""/></a>| |<a href="/blogs/content/story/1015329.html" name="&amp;lpos=editorspick_1">Before you can hit it, you have to think it</a>| |<a href="http://www.thecricketmonthly.com/story/1001303/the-thing-about-headingley" name="&amp;lpos=editorspick_2"><img alt="" class="img-full" data-src="http://p.imgci.com/db/PICTURES/CMS/240500/240549.5.jpg" src="http://i.imgci.com/espncricinfo/redesign/default-thumbnail.jpg" title=""/></a>| |<a href="http://www.thecricketmonthly.com/story/1001303/the-thing-about-headingley" name="&amp;lpos=editorspick_2">The thing about Headingley</a>| |<a href="http://www.thecricketmonthly.com/story/1001303/the-thing-about-headingley"><b>The Cricket Monthly:</b> A tribute to an underappreciated ground, 75 Tests old this summer</a>| |<a href="/tcm/content/url/784439.html">TCM May issue</a>| |<a href="/magazine/content/story/1015027.html" name="&amp;lpos=editorspick_3"><img alt="" class="img-full" data-src="http://p.imgci.com/db/PICTURES/CMS/242900/242941.5.jpg" src="http://i.imgci.com/espncricinfo/redesign/default-thumbnail.jpg" title=""/></a>| |<a href="/magazine/content/story/1015027.html" name="&amp;lpos=editorspick_3">'I preferred winning four-day games to T20'</a>| |<a href="/ci/content/video_audio/1015523.html" name="&amp;lpos=editorspick_4">Sri Lanka's top best bowling attack</a>| |<a href="/magazine/content/story/1014825.html" name="&amp;lpos=editorspick_5"><img alt="" class="img-full" data-src="http://p.imgci.com/db/PICTURES/CMS/242800/242857.5.jpg" src="http://i.imgci.com/espncricinfo/redesign/default-thumbnail.jpg" title=""/></a>| |<a href="/magazine/content/story/1014825.html" name="&amp;lpos=editorspick_5">Debutants born on the same day, and the best T20 figures</a>| |<a href="/magazine/content/story/1013647.html" name="&amp;lpos=editorspick_6"><img alt="" class="img-full" data-src="http://p.imgci.com/db/PICTURES/CMS/242500/242573.5.jpg" src="http://i.imgci.com/espncricinfo/redesign/default-thumbnail.jpg" title=""/></a>| |<a href="/magazine/content/story/1013647.html" name="&amp;lpos=editorspick_6">How cricket has helped heal Sri Lanka's south</a>| |<a href="http://www.thecricketmonthly.com/gallery/1001347/the-weird-and-wonderful-world-of-the-ipl" name="&amp;lpos=editorspick_7"><img alt="" class="img-full" data-src="http://p.imgci.com/db/PICTURES/CMS/240500/240557.5.jpg" src="http://i.imgci.com/espncricinfo/redesign/default-thumbnail.jpg" title=""/></a>| |<a href="http://www.thecricketmonthly.com/gallery/1001347/the-weird-and-wonderful-world-of-the-ipl" name="&amp;lpos=editorspick_7">The weird and wonderful world of the IPL</a>| |<a href="http://www.thecricketmonthly.com/gallery/1001347/the-weird-and-wonderful-world-of-the-ipl"><b>The Cricket Monthly:</b> The league of extraordinary proportions, in pictures</a>| |<a href="/tcm/content/url/784439.html">TCM May issue</a>| |<a href="/magazine/content/story/1014115.html" name="&amp;lpos=editorspick_8"><img alt="" class="img-full" data-src="http://p.imgci.com/db/PICTURES/CMS/242400/242403.5.jpg" src="http://i.imgci.com/espncricinfo/redesign/default-thumbnail.jpg" title=""/></a>| |<a href="/magazine/content/story/1014115.html" name="&amp;lpos=editorspick_8">Will we see another like Cozier?</a>| |<a href="/magazine/content/story/1014343.html" name="&amp;lpos=editorspick_9"><img alt="" class="img-full" data-src="http://p.imgci.com/db/PICTURES/CMS/242700/242751.5.jpg" src="http://i.imgci.com/espncricinfo/redesign/default-thumbnail.jpg" title=""/></a>| |<a href="/magazine/content/story/1014343.html" name="&amp;lpos=editorspick_9">'Afghanistan needs to organise international cricket at home'</a>| |<a href="/ci/content/story/editors_pick.html" name="&amp;lpos=editorspick_more">More</a>| |<a href="http://www.thecricketmonthly.com" name="&amp;lpos=editorspick_thecricketmonthly">The Cricket Monthly</a>| |<a href="/ci/content/video_audio/index.html">Videos</a>| |<a href="/ci/content/video_audio/index.html" name="&amp;lpos=videos_all">All →</a>| |<a href="/ci/content/video_audio/1016115.html" name="&amp;lpos=videos_area1">Jayawardene: Time for youngsters to blossom</a>| |<a href="/ci/content/video_audio/1016007.html" name="&amp;lpos=videos_area2">Agarkar: Gujarat Lions need Raina to step up</a>| |<a href="/ci/content/video_audio/1015781.html" name="&amp;lpos=videos_area3">Cullinan: Poor Powerplay continues to hurt Delhi</a>| |<a href="/ci/content/video_audio/1015561.html" name="&amp;lpos=videos_area4">Should England be wary of favourites tag?</a>| |<a href="/ci/content/video_audio/1015681.html" name="&amp;lpos=videos_area5">Perera and SLC must be compensated</a>| |<a href="/ci/content/video_audio/index.html?genre=119">Polite Enquiries</a>| |<a href="/ci/content/video_audio/index.html?genre=131">Two men out</a>| |<a href="/ci/content/video_audio/index.html?genre=1">Match Analysis</a>| |<a href="/ci/content/story/author.html?author=406"><img alt="" data-src="/db/PICTURES/CMS/154500/154525.2.png" src="http://i.imgci.com/espncricinfo/redesign/default-thumbnail.jpg"/></a>| |<a href="/ci/content/story/author.html?author=406">Jonathan Wilson</a>| |<a href="/blogs/content/story/1006545.html">The ball you're always trying to bowl</a>| |<a href="/ci/content/story/author.html?author=625"><img alt="" data-src="/db/PICTURES/CMS/223300/223341.png" src="http://i.imgci.com/espncricinfo/redesign/default-thumbnail.jpg"/></a>| |<a href="/ci/content/story/author.html?author=625">Liam Cromar</a>| |<a href="/blogs/content/story/1003919.html">What is nets?</a>| |<a href="/ci/content/story/author.html?author=384"><img alt="" data-src="/db/PICTURES/CMS/172300/172385.1.png" src="http://i.imgci.com/espncricinfo/redesign/default-thumbnail.jpg"/></a>| |<a href="/ci/content/story/author.html?author=384">Mark Nicholas</a>| |<a href="/magazine/content/story/1008193.html">Wake up and smell the IPL</a>| |<a href="/ci/content/story/author.html?author=395"><img alt="" data-src="/db/PICTURES/CMS/204700/204787.png" src="http://i.imgci.com/espncricinfo/redesign/default-thumbnail.jpg"/></a>| |<a href="/ci/content/story/author.html?author=395">Jon Hotten</a>| |<a href="/blogs/content/story/1015329.html">Before you can hit it, you have to think it</a>| |<a href="/ci/content/story/author.html?author=311"><img alt="" data-src="/db/PICTURES/CMS/96000/96095.9.png" src="http://i.imgci.com/espncricinfo/redesign/default-thumbnail.jpg"/></a>| |<a href="/ci/content/story/author.html?author=311">Andy Zaltzman</a>| |<a href="http://www.thecricketmonthly.com/story/1001743">One and only</a>| |<a href="/ci/content/story/author.html?author=401"><img alt="" data-src="/db/PICTURES/CMS/154400/154427.2.png" src="http://i.imgci.com/espncricinfo/redesign/default-thumbnail.jpg"/></a>| |<a href="/ci/content/story/author.html?author=401">Raf Nicholson</a>| |<a href="/blogs/content/story/1004823.html">Women's pay should not depend on results</a>| |<a href="/ci/content/story/author.html?author=380"><img alt="" data-src="/db/PICTURES/CMS/138600/138667.png" src="http://i.imgci.com/espncricinfo/redesign/default-thumbnail.jpg"/></a>| |<a href="/ci/content/story/author.html?author=380">Ed Smith</a>| |<a href="/magazine/content/story/1014115.html">Was Cozier the last of a golden age of commentators?</a>| |<a href="/ci/content/story/author.html?author=516"><img alt="" data-src="/db/PICTURES/CMS/207500/207573.png" src="http://i.imgci.com/espncricinfo/redesign/default-thumbnail.jpg"/></a>| |<a href="/ci/content/story/author.html?author=516">Scott Oliver</a>| |<a href="/magazine/content/story/1006699.html">'I wanted my career bests to be at Lord's, not Derby or Leicester'</a>| |<a href="/ci/content/story/author.html?author=116"><img alt="" data-src="/db/PICTURES/CMS/178600/178655.1.png" src="http://i.imgci.com/espncricinfo/redesign/default-thumbnail.jpg"/></a>| |<a href="/ci/content/story/author.html?author=116">George Dobell</a>| |<a href="/england/content/story/1007479.html">'The outpouring of emotion was like I'd died'</a>| |<a href="/ci/content/story/author.html?author=200"><img alt="" data-src="/db/PICTURES/CMS/103600/103673.3.png" src="http://i.imgci.com/espncricinfo/redesign/default-thumbnail.jpg"/></a>| |<a href="/ci/content/story/author.html?author=200">Tony Cozier</a>| |<a href="/magazine/content/story/1006527.html">West Indies cricket needs Legends' clout</a>| |<a href="/ci/content/story/author.html?author=527"><img alt="" data-src="/db/PICTURES/CMS/166700/166731.png" src="http://i.imgci.com/espncricinfo/redesign/default-thumbnail.jpg"/></a>| |<a href="/ci/content/story/author.html?author=527">Ahmer Naqvi</a>| |<a href="/magazine/content/story/1010163.html">How do you judge a coach?</a>| |<a href="/ci/content/story/author.html?author=367"><img alt="" data-src="/db/PICTURES/CMS/131200/131247.5.png" src="http://i.imgci.com/espncricinfo/redesign/default-thumbnail.jpg"/></a>| |<a href="/ci/content/story/author.html?author=367">Daniel Brettig</a>| |<a href="/australia/content/story/1011835.html">'We should have concussion subs' - Haddin</a>| |<a href="/ci/content/story/author.html?author=516"><img alt="" data-src="/db/PICTURES/CMS/207500/207573.png" src="http://i.imgci.com/espncricinfo/redesign/default-thumbnail.jpg"/></a>| |<a href="/ci/content/story/author.html?author=516">Scott Oliver</a>| |<a href="/magazine/content/story/1006699.html">'I wanted my career bests to be at Lord's, not Derby or Leicester'</a>| |<a href="/ci/content/story/author.html?author=329"><img alt="" data-src="/db/PICTURES/CMS/137600/137625.5.png" src="http://i.imgci.com/espncricinfo/redesign/default-thumbnail.jpg"/></a>| |<a href="/ci/content/story/author.html?author=329">Jarrod Kimber</a>| |<a href="/magazine/content/story/997925.html">How Carlos Brathwaite became a star</a>| |<a data-tname="cordon" href="#">The Cordon</a>| |<a data-tname="stands" href="#">The Stands</a>| |<a href="/blogs/content/story/blogs/cordon.html">The Cordon</a>| |<a href="/blogs/content/story/blogs/cordon.html" name="&amp;lpos=cordon_all">All →</a>| |<a href="/blogs/content/story/1010171.html" name="&amp;lpos=cordon_1"><img alt="" class="img-full" data-src="http://p.imgci.com/db/PICTURES/CMS/242000/242047.5.jpg" src="http://i.imgci.com/espncricinfo/redesign/default-thumbnail.jpg" title=""/></a>| |<a href="/blogs/content/story/1010171.html" name="&amp;lpos=cordon_1">How much should a cricketer train?</a>| |<a href="/blogs/content/story/1010265.html" name="&amp;lpos=cordon_2"><img alt="" class="img-full" data-src="http://p.imgci.com/db/PICTURES/CMS/242000/242071.5.jpg" src="http://i.imgci.com/espncricinfo/redesign/default-thumbnail.jpg" title=""/></a>| |<a href="/blogs/content/story/1010265.html" name="&amp;lpos=cordon_2">Players and umpires need to get along better</a>| |<a href="/blogs/content/story/blogs/cordon.html" name="&amp;lpos=cordon_all">All →</a>| |<a href="/thestands/content/site/thestands">The Stands</a>| |<a href="/thestands/content/site/thestands" name="&amp;lpos=stands_all">All →</a>| |<a href="/blogs/content/story/1015703.html" name="&amp;lpos=stands_1"><img alt="" class="img-full" data-src="http://p.imgci.com/db/PICTURES/CMS/242900/242989.4.png" src="http://i.imgci.com/espncricinfo/redesign/default-thumbnail.jpg" title=""/></a>| |<a href="/blogs/content/story/1015703.html" name="&amp;lpos=stands_1">Readers' comments: what a variety</a>| |<a href="/ci/content/gallery/1013239.html" name="&amp;lpos=stands_2"><img alt="" class="img-full" data-src="http://p.imgci.com/db/PICTURES/CMS/242600/242677.5.jpg" src="http://i.imgci.com/espncricinfo/redesign/default-thumbnail.jpg" title=""/></a>| |<a href="/ci/content/gallery/1013239.html" name="&amp;lpos=stands_2">Cricket for all</a>| |<a href="/thestands/content/site/thestands" name="&amp;lpos=stands_all">All →</a>| |<a class="ci-tabs" href="#photo-wrapper" name="&amp;lpos=photos_photo">Photos</a>| |<a class="ci-tabs" href="#gallery-wrapper" name="&amp;lpos=gallery_galleries">Galleries</a>| |<a class="pg-all-link" href="/ci/content/image/index.html" name="&amp;lpos=photos_all">All →</a>| |<a href="/ci/content/image/index.html" name="&amp;lpos=photos_all">All →</a>| |<a href="/indian-premier-league-2016/content/image/1016167.html?object=207428;dir=next" name="&amp;lpos=photos_1"><picture>
<img alt="" class="img-full" data-src="http://p.imgci.com/db/PICTURES/CMS/243100/243105.3.jpg" src="http://i.imgci.com/espncricinfo/redesign/default-thumbnail.jpg" title=""/>
</picture></a>| |<a href="/indian-premier-league-2016/content/image/1016165.html?object=207428;dir=next" name="&amp;lpos=photos_2"><picture>
<img alt="" class="img-full" data-src="http://p.imgci.com/db/PICTURES/CMS/243100/243103.3.jpg" src="http://i.imgci.com/espncricinfo/redesign/default-thumbnail.jpg" title=""/>
</picture></a>| |<a href="/indian-premier-league-2016/content/image/1016163.html?object=207428;dir=next" name="&amp;lpos=photos_3"><picture>
<img alt="" class="img-full" data-src="http://p.imgci.com/db/PICTURES/CMS/243100/243101.3.jpg" src="http://i.imgci.com/espncricinfo/redesign/default-thumbnail.jpg" title=""/>
</picture></a>| |<a href="/indian-premier-league-2016/content/image/1016161.html?object=207428;dir=next" name="&amp;lpos=photos_4"><picture>
<img alt="" class="img-full" data-src="http://p.imgci.com/db/PICTURES/CMS/243000/243099.3.jpg" src="http://i.imgci.com/espncricinfo/redesign/default-thumbnail.jpg" title=""/>
</picture></a>| |<a href="/ci/content/gallery/index.html" name="&amp;lpos=gallery_all">All →</a>| |<a href="/indian-premier-league-2016/content/gallery/1014111.html" name="&amp;lpos=gallery_1"><picture>
<img alt="" class="img-full" data-src="http://p.imgci.com/db/PICTURES/CMS/242200/242267.3.jpg" src="http://i.imgci.com/espncricinfo/redesign/default-thumbnail.jpg" title=""/>
</picture></a>| |<a href="/ci/content/gallery/1013239.html" name="&amp;lpos=gallery_2"><picture>
<img alt="" class="img-full" data-src="http://p.imgci.com/db/PICTURES/CMS/242900/242993.4.jpg" src="http://i.imgci.com/espncricinfo/redesign/default-thumbnail.jpg" title=""/>
</picture></a>| |<a href="/indian-premier-league-2016/content/gallery/1009077.html" name="&amp;lpos=gallery_3"><picture>
<img alt="" class="img-full" data-src="http://p.imgci.com/db/PICTURES/CMS/241600/241609.1.jpg" src="http://i.imgci.com/espncricinfo/redesign/default-thumbnail.jpg" title=""/>
</picture></a>| |<a href="/indian-premier-league-2016/content/gallery/1006549.html" name="&amp;lpos=gallery_4"><picture>
<img alt="" class="img-full" data-src="http://p.imgci.com/db/PICTURES/CMS/240900/240987.3.jpg" src="http://i.imgci.com/espncricinfo/redesign/default-thumbnail.jpg" title=""/>
</picture></a>| |<a class="maintabs ui-link" href="/ci/content/page/866033.html">Sitemap</a>| |<a class="maintabs ui-link" href="/ci/content/submit/forms/feedback.html">Feedback</a>| |<a class="maintabs ui-link" href="/ci/content/rss/feeds_rss_cricket.html">RSS</a>| |<a class="maintabs ui-link" href="/ci/content/page/156066.html">About Us</a>| |<a class="maintabs ui-link" href="/ci/content/site/careers/careers.html">Careers</a>| |<a class="maintabs ui-link" href="http://disneyprivacycenter.com/" target="_blank">Privacy Policy</a>| |<a class="maintabs ui-link" href="http://disneytermsofuse.com/" target="_blank">Terms of Use</a>| |<a href="http://preferences-mgr.truste.com/?type=espn&amp;affiliateId=148" target="_blank">Interest Based Ads</a>| |<a href="https://disneyprivacycenter.com/notice-to-california-residents/" target="_blank">Your California Privacy Rights</a>| |<a href="https://disneyprivacycenter.com/kids-privacy-policy/english/" target="_blank">Children’s Online Privacy Policy</a>|
